image_id,sat_image_path,mask_path
0,image/198.jpg,label/198.jpg
801,image/606.jpg,label/606.jpg
1602,image/533.jpg,label/533.jpg
2403,image/976.jpg,label/976.jpg
3204,image/231.jpg,label/231.jpg
4005,image/332.jpg,label/332.jpg
4806,image/257.jpg,label/257.jpg
5607,image/184.jpg,label/184.jpg
6408,image/324.jpg,label/324.jpg
7209,image/648.jpg,label/648.jpg
8010,image/778.jpg,label/778.jpg
8811,image/31.jpg,label/31.jpg
9612,image/752.jpg,label/752.jpg
10413,image/476.jpg,label/476.jpg
11214,image/436.jpg,label/436.jpg
12015,image/718.jpg,label/718.jpg
12816,image/897.jpg,label/897.jpg
13617,image/378.jpg,label/378.jpg
14418,image/293.jpg,label/293.jpg
15219,image/753.jpg,label/753.jpg
16020,image/233.jpg,label/233.jpg
16821,image/69.jpg,label/69.jpg
17622,image/77.jpg,label/77.jpg
18423,image/44.jpg,label/44.jpg
19224,image/997.jpg,label/997.jpg
20025,image/264.jpg,label/264.jpg
20826,image/853.jpg,label/853.jpg
21627,image/534.jpg,label/534.jpg
22428,image/568.jpg,label/568.jpg
23229,image/574.jpg,label/574.jpg
24030,image/527.jpg,label/527.jpg
24831,image/644.jpg,label/644.jpg
25632,image/841.jpg,label/841.jpg
26433,image/732.jpg,label/732.jpg
27234,image/322.jpg,label/322.jpg
28035,image/893.jpg,label/893.jpg
28836,image/681.jpg,label/681.jpg
29637,image/428.jpg,label/428.jpg
30438,image/351.jpg,label/351.jpg
31239,image/958.jpg,label/958.jpg
32040,image/171.jpg,label/171.jpg
32841,image/89.jpg,label/89.jpg
33642,image/667.jpg,label/667.jpg
34443,image/672.jpg,label/672.jpg
35244,image/56.jpg,label/56.jpg
36045,image/249.jpg,label/249.jpg
36846,image/842.jpg,label/842.jpg
37647,image/502.jpg,label/502.jpg
38448,image/341.jpg,label/341.jpg
39249,image/566.jpg,label/566.jpg
40050,image/261.jpg,label/261.jpg
40851,image/113.jpg,label/113.jpg
41652,image/961.jpg,label/961.jpg
42453,image/263.jpg,label/263.jpg
43254,image/496.jpg,label/496.jpg
44055,image/311.jpg,label/311.jpg
44856,image/98.jpg,label/98.jpg
45657,image/241.jpg,label/241.jpg
46458,image/409.jpg,label/409.jpg
47259,image/43.jpg,label/43.jpg
48060,image/629.jpg,label/629.jpg
48861,image/106.jpg,label/106.jpg
49662,image/449.jpg,label/449.jpg
50463,image/291.jpg,label/291.jpg
51264,image/513.jpg,label/513.jpg
52065,image/754.jpg,label/754.jpg
52866,image/344.jpg,label/344.jpg
53667,image/7.jpg,label/7.jpg
54468,image/177.jpg,label/177.jpg
55269,image/336.jpg,label/336.jpg
56070,image/869.jpg,label/869.jpg
56871,image/819.jpg,label/819.jpg
57672,image/492.jpg,label/492.jpg
58473,image/863.jpg,label/863.jpg
59274,image/217.jpg,label/217.jpg
60075,image/417.jpg,label/417.jpg
60876,image/79.jpg,label/79.jpg
61677,image/12.jpg,label/12.jpg
62478,image/377.jpg,label/377.jpg
63279,image/698.jpg,label/698.jpg
64080,image/383.jpg,label/383.jpg
64881,image/542.jpg,label/542.jpg
65682,image/802.jpg,label/802.jpg
66483,image/11.jpg,label/11.jpg
67284,image/771.jpg,label/771.jpg
68085,image/123.jpg,label/123.jpg
68886,image/671.jpg,label/671.jpg
69687,image/801.jpg,label/801.jpg
70488,image/176.jpg,label/176.jpg
71289,image/141.jpg,label/141.jpg
72090,image/964.jpg,label/964.jpg
72891,image/416.jpg,label/416.jpg
73692,image/562.jpg,label/562.jpg
74493,image/889.jpg,label/889.jpg
75294,image/713.jpg,label/713.jpg
76095,image/216.jpg,label/216.jpg
76896,image/674.jpg,label/674.jpg
77697,image/404.jpg,label/404.jpg
78498,image/37.jpg,label/37.jpg
79299,image/59.jpg,label/59.jpg
80100,image/127.jpg,label/127.jpg
80901,image/17.jpg,label/17.jpg
81702,image/104.jpg,label/104.jpg
82503,image/684.jpg,label/684.jpg
83304,image/193.jpg,label/193.jpg
84105,image/549.jpg,label/549.jpg
84906,image/824.jpg,label/824.jpg
85707,image/74.jpg,label/74.jpg
86508,image/392.jpg,label/392.jpg
87309,image/529.jpg,label/529.jpg
88110,image/359.jpg,label/359.jpg
88911,image/619.jpg,label/619.jpg
89712,image/587.jpg,label/587.jpg
90513,image/992.jpg,label/992.jpg
91314,image/9.jpg,label/9.jpg
92115,image/14.jpg,label/14.jpg
92916,image/653.jpg,label/653.jpg
93717,image/798.jpg,label/798.jpg
94518,image/36.jpg,label/36.jpg
95319,image/156.jpg,label/156.jpg
96120,image/53.jpg,label/53.jpg
96921,image/187.jpg,label/187.jpg
97722,image/613.jpg,label/613.jpg
98523,image/901.jpg,label/901.jpg
99324,image/401.jpg,label/401.jpg
100125,image/278.jpg,label/278.jpg
100926,image/878.jpg,label/878.jpg
101727,image/822.jpg,label/822.jpg
102528,image/911.jpg,label/911.jpg
103329,image/131.jpg,label/131.jpg
104130,image/659.jpg,label/659.jpg
104931,image/687.jpg,label/687.jpg
105732,image/516.jpg,label/516.jpg
106533,image/788.jpg,label/788.jpg
107334,image/398.jpg,label/398.jpg
108135,image/576.jpg,label/576.jpg
108936,image/391.jpg,label/391.jpg
109737,image/466.jpg,label/466.jpg
110538,image/126.jpg,label/126.jpg
111339,image/858.jpg,label/858.jpg
112140,image/552.jpg,label/552.jpg
112941,image/207.jpg,label/207.jpg
113742,image/108.jpg,label/108.jpg
114543,image/818.jpg,label/818.jpg
115344,image/717.jpg,label/717.jpg
116145,image/544.jpg,label/544.jpg
116946,image/848.jpg,label/848.jpg
117747,image/517.jpg,label/517.jpg
118548,image/212.jpg,label/212.jpg
119349,image/387.jpg,label/387.jpg
120150,image/662.jpg,label/662.jpg
120951,image/738.jpg,label/738.jpg
121752,image/314.jpg,label/314.jpg
122553,image/28.jpg,label/28.jpg
123354,image/846.jpg,label/846.jpg
124155,image/511.jpg,label/511.jpg
124956,image/97.jpg,label/97.jpg
125757,image/337.jpg,label/337.jpg
126558,image/426.jpg,label/426.jpg
127359,image/101.jpg,label/101.jpg
128160,image/437.jpg,label/437.jpg
128961,image/203.jpg,label/203.jpg
129762,image/723.jpg,label/723.jpg
130563,image/632.jpg,label/632.jpg
131364,image/509.jpg,label/509.jpg
132165,image/784.jpg,label/784.jpg
132966,image/281.jpg,label/281.jpg
133767,image/499.jpg,label/499.jpg
134568,image/413.jpg,label/413.jpg
135369,image/512.jpg,label/512.jpg
136170,image/794.jpg,label/794.jpg
136971,image/489.jpg,label/489.jpg
137772,image/142.jpg,label/142.jpg
138573,image/712.jpg,label/712.jpg
139374,image/102.jpg,label/102.jpg
140175,image/902.jpg,label/902.jpg
140976,image/196.jpg,label/196.jpg
141777,image/651.jpg,label/651.jpg
142578,image/859.jpg,label/859.jpg
143379,image/353.jpg,label/353.jpg
144180,image/953.jpg,label/953.jpg
144981,image/1.jpg,label/1.jpg
145782,image/756.jpg,label/756.jpg
146583,image/32.jpg,label/32.jpg
147384,image/244.jpg,label/244.jpg
148185,image/133.jpg,label/133.jpg
148986,image/604.jpg,label/604.jpg
149787,image/584.jpg,label/584.jpg
150588,image/741.jpg,label/741.jpg
151389,image/539.jpg,label/539.jpg
152190,image/159.jpg,label/159.jpg
152991,image/609.jpg,label/609.jpg
153792,image/969.jpg,label/969.jpg
154593,image/577.jpg,label/577.jpg
155394,image/414.jpg,label/414.jpg
156195,image/836.jpg,label/836.jpg
156996,image/84.jpg,label/84.jpg
157797,image/491.jpg,label/491.jpg
158598,image/631.jpg,label/631.jpg
159399,image/746.jpg,label/746.jpg
160200,image/736.jpg,label/736.jpg
161001,image/789.jpg,label/789.jpg
161802,image/971.jpg,label/971.jpg
162603,image/454.jpg,label/454.jpg
163404,image/259.jpg,label/259.jpg
164205,image/948.jpg,label/948.jpg
165006,image/274.jpg,label/274.jpg
165807,image/998.jpg,label/998.jpg
166608,image/701.jpg,label/701.jpg
167409,image/762.jpg,label/762.jpg
168210,image/907.jpg,label/907.jpg
169011,image/468.jpg,label/468.jpg
169812,image/764.jpg,label/764.jpg
170613,image/837.jpg,label/837.jpg
171414,image/988.jpg,label/988.jpg
172215,image/256.jpg,label/256.jpg
173016,image/189.jpg,label/189.jpg
173817,image/666.jpg,label/666.jpg
174618,image/389.jpg,label/389.jpg
175419,image/458.jpg,label/458.jpg
176220,image/422.jpg,label/422.jpg
177021,image/817.jpg,label/817.jpg
177822,image/6.jpg,label/6.jpg
178623,image/783.jpg,label/783.jpg
179424,image/411.jpg,label/411.jpg
180225,image/917.jpg,label/917.jpg
181026,image/603.jpg,label/603.jpg
181827,image/621.jpg,label/621.jpg
182628,image/993.jpg,label/993.jpg
183429,image/51.jpg,label/51.jpg
184230,image/866.jpg,label/866.jpg
185031,image/71.jpg,label/71.jpg
185832,image/303.jpg,label/303.jpg
186633,image/833.jpg,label/833.jpg
187434,image/803.jpg,label/803.jpg
188235,image/828.jpg,label/828.jpg
189036,image/757.jpg,label/757.jpg
189837,image/861.jpg,label/861.jpg
190638,image/932.jpg,label/932.jpg
191439,image/699.jpg,label/699.jpg
192240,image/451.jpg,label/451.jpg
193041,image/974.jpg,label/974.jpg
193842,image/634.jpg,label/634.jpg
194643,image/379.jpg,label/379.jpg
195444,image/506.jpg,label/506.jpg
196245,image/174.jpg,label/174.jpg
197046,image/618.jpg,label/618.jpg
197847,image/823.jpg,label/823.jpg
198648,image/688.jpg,label/688.jpg
199449,image/563.jpg,label/563.jpg
200250,image/347.jpg,label/347.jpg
201051,image/747.jpg,label/747.jpg
201852,image/669.jpg,label/669.jpg
202653,image/112.jpg,label/112.jpg
203454,image/611.jpg,label/611.jpg
204255,image/607.jpg,label/607.jpg
205056,image/478.jpg,label/478.jpg
205857,image/21.jpg,label/21.jpg
206658,image/323.jpg,label/323.jpg
207459,image/507.jpg,label/507.jpg
208260,image/393.jpg,label/393.jpg
209061,image/266.jpg,label/266.jpg
209862,image/851.jpg,label/851.jpg
210663,image/633.jpg,label/633.jpg
211464,image/157.jpg,label/157.jpg
212265,image/362.jpg,label/362.jpg
213066,image/307.jpg,label/307.jpg
213867,image/501.jpg,label/501.jpg
214668,image/338.jpg,label/338.jpg
215469,image/456.jpg,label/456.jpg
216270,image/83.jpg,label/83.jpg
217071,image/639.jpg,label/639.jpg
217872,image/551.jpg,label/551.jpg
218673,image/979.jpg,label/979.jpg
219474,image/483.jpg,label/483.jpg
220275,image/683.jpg,label/683.jpg
221076,image/296.jpg,label/296.jpg
221877,image/561.jpg,label/561.jpg
222678,image/884.jpg,label/884.jpg
223479,image/407.jpg,label/407.jpg
224280,image/4.jpg,label/4.jpg
225081,image/111.jpg,label/111.jpg
225882,image/237.jpg,label/237.jpg
226683,image/602.jpg,label/602.jpg
227484,image/983.jpg,label/983.jpg
228285,image/298.jpg,label/298.jpg
229086,image/694.jpg,label/694.jpg
229887,image/234.jpg,label/234.jpg
230688,image/49.jpg,label/49.jpg
231489,image/434.jpg,label/434.jpg
232290,image/578.jpg,label/578.jpg
233091,image/721.jpg,label/721.jpg
233892,image/729.jpg,label/729.jpg
234693,image/24.jpg,label/24.jpg
235494,image/937.jpg,label/937.jpg
236295,image/734.jpg,label/734.jpg
237096,image/608.jpg,label/608.jpg
237897,image/986.jpg,label/986.jpg
238698,image/236.jpg,label/236.jpg
239499,image/649.jpg,label/649.jpg
240300,image/586.jpg,label/586.jpg
241101,image/247.jpg,label/247.jpg
241902,image/984.jpg,label/984.jpg
242703,image/504.jpg,label/504.jpg
243504,image/571.jpg,label/571.jpg
244305,image/743.jpg,label/743.jpg
245106,image/86.jpg,label/86.jpg
245907,image/493.jpg,label/493.jpg
246708,image/116.jpg,label/116.jpg
247509,image/876.jpg,label/876.jpg
248310,image/692.jpg,label/692.jpg
249111,image/622.jpg,label/622.jpg
249912,image/731.jpg,label/731.jpg
250713,image/173.jpg,label/173.jpg
251514,image/179.jpg,label/179.jpg
252315,image/589.jpg,label/589.jpg
253116,image/333.jpg,label/333.jpg
253917,image/309.jpg,label/309.jpg
254718,image/339.jpg,label/339.jpg
255519,image/883.jpg,label/883.jpg
256320,image/946.jpg,label/946.jpg
257121,image/521.jpg,label/521.jpg
257922,image/396.jpg,label/396.jpg
258723,image/459.jpg,label/459.jpg
259524,image/546.jpg,label/546.jpg
260325,image/864.jpg,label/864.jpg
261126,image/374.jpg,label/374.jpg
261927,image/536.jpg,label/536.jpg
262728,image/213.jpg,label/213.jpg
263529,image/297.jpg,label/297.jpg
264330,image/807.jpg,label/807.jpg
265131,image/23.jpg,label/23.jpg
265932,image/388.jpg,label/388.jpg
266733,image/716.jpg,label/716.jpg
267534,image/873.jpg,label/873.jpg
268335,image/882.jpg,label/882.jpg
269136,image/442.jpg,label/442.jpg
269937,image/567.jpg,label/567.jpg
270738,image/654.jpg,label/654.jpg
271539,image/487.jpg,label/487.jpg
272340,image/334.jpg,label/334.jpg
273141,image/91.jpg,label/91.jpg
273942,image/682.jpg,label/682.jpg
274743,image/27.jpg,label/27.jpg
275544,image/554.jpg,label/554.jpg
276345,image/457.jpg,label/457.jpg
277146,image/579.jpg,label/579.jpg
277947,image/26.jpg,label/26.jpg
278748,image/304.jpg,label/304.jpg
279549,image/16.jpg,label/16.jpg
280350,image/714.jpg,label/714.jpg
281151,image/569.jpg,label/569.jpg
281952,image/284.jpg,label/284.jpg
282753,image/408.jpg,label/408.jpg
283554,image/868.jpg,label/868.jpg
284355,image/242.jpg,label/242.jpg
285156,image/728.jpg,label/728.jpg
285957,image/149.jpg,label/149.jpg
286758,image/96.jpg,label/96.jpg
287559,image/202.jpg,label/202.jpg
288360,image/29.jpg,label/29.jpg
289161,image/326.jpg,label/326.jpg
289962,image/439.jpg,label/439.jpg
290763,image/258.jpg,label/258.jpg
291564,image/843.jpg,label/843.jpg
292365,image/208.jpg,label/208.jpg
293166,image/447.jpg,label/447.jpg
293967,image/844.jpg,label/844.jpg
294768,image/739.jpg,label/739.jpg
295569,image/397.jpg,label/397.jpg
296370,image/597.jpg,label/597.jpg
297171,image/373.jpg,label/373.jpg
297972,image/52.jpg,label/52.jpg
298773,image/908.jpg,label/908.jpg
299574,image/938.jpg,label/938.jpg
300375,image/474.jpg,label/474.jpg
301176,image/66.jpg,label/66.jpg
301977,image/331.jpg,label/331.jpg
302778,image/452.jpg,label/452.jpg
303579,image/676.jpg,label/676.jpg
304380,image/248.jpg,label/248.jpg
305181,image/737.jpg,label/737.jpg
305982,image/166.jpg,label/166.jpg
306783,image/419.jpg,label/419.jpg
307584,image/357.jpg,label/357.jpg
308385,image/3.jpg,label/3.jpg
309186,image/328.jpg,label/328.jpg
309987,image/779.jpg,label/779.jpg
310788,image/628.jpg,label/628.jpg
311589,image/186.jpg,label/186.jpg
312390,image/371.jpg,label/371.jpg
313191,image/944.jpg,label/944.jpg
313992,image/921.jpg,label/921.jpg
314793,image/852.jpg,label/852.jpg
315594,image/418.jpg,label/418.jpg
316395,image/178.jpg,label/178.jpg
317196,image/816.jpg,label/816.jpg
317997,image/421.jpg,label/421.jpg
318798,image/763.jpg,label/763.jpg
319599,image/703.jpg,label/703.jpg
320400,image/548.jpg,label/548.jpg
321201,image/321.jpg,label/321.jpg
322002,image/664.jpg,label/664.jpg
322803,image/931.jpg,label/931.jpg
323604,image/352.jpg,label/352.jpg
324405,image/596.jpg,label/596.jpg
325206,image/854.jpg,label/854.jpg
326007,image/949.jpg,label/949.jpg
326808,image/616.jpg,label/616.jpg
327609,image/774.jpg,label/774.jpg
328410,image/967.jpg,label/967.jpg
329211,image/541.jpg,label/541.jpg
330012,image/254.jpg,label/254.jpg
330813,image/572.jpg,label/572.jpg
331614,image/751.jpg,label/751.jpg
332415,image/223.jpg,label/223.jpg
333216,image/432.jpg,label/432.jpg
334017,image/661.jpg,label/661.jpg
334818,image/182.jpg,label/182.jpg
335619,image/614.jpg,label/614.jpg
336420,image/977.jpg,label/977.jpg
337221,image/403.jpg,label/403.jpg
338022,image/251.jpg,label/251.jpg
338823,image/524.jpg,label/524.jpg
339624,image/424.jpg,label/424.jpg
340425,image/68.jpg,label/68.jpg
341226,image/733.jpg,label/733.jpg
342027,image/623.jpg,label/623.jpg
342828,image/61.jpg,label/61.jpg
343629,image/928.jpg,label/928.jpg
344430,image/782.jpg,label/782.jpg
345231,image/313.jpg,label/313.jpg
346032,image/317.jpg,label/317.jpg
346833,image/162.jpg,label/162.jpg
347634,image/999.jpg,label/999.jpg
348435,image/702.jpg,label/702.jpg
349236,image/349.jpg,label/349.jpg
350037,image/847.jpg,label/847.jpg
350838,image/933.jpg,label/933.jpg
351639,image/88.jpg,label/88.jpg
352440,image/518.jpg,label/518.jpg
353241,image/143.jpg,label/143.jpg
354042,image/594.jpg,label/594.jpg
354843,image/881.jpg,label/881.jpg
355644,image/262.jpg,label/262.jpg
356445,image/709.jpg,label/709.jpg
357246,image/172.jpg,label/172.jpg
358047,image/136.jpg,label/136.jpg
358848,image/214.jpg,label/214.jpg
359649,image/163.jpg,label/163.jpg
360450,image/222.jpg,label/222.jpg
361251,image/64.jpg,label/64.jpg
362052,image/724.jpg,label/724.jpg
362853,image/663.jpg,label/663.jpg
363654,image/831.jpg,label/831.jpg
364455,image/129.jpg,label/129.jpg
365256,image/637.jpg,label/637.jpg
366057,image/144.jpg,label/144.jpg
366858,image/793.jpg,label/793.jpg
367659,image/273.jpg,label/273.jpg
368460,image/13.jpg,label/13.jpg
369261,image/811.jpg,label/811.jpg
370062,image/206.jpg,label/206.jpg
370863,image/959.jpg,label/959.jpg
371664,image/327.jpg,label/327.jpg
372465,image/289.jpg,label/289.jpg
373266,image/128.jpg,label/128.jpg
374067,image/899.jpg,label/899.jpg
374868,image/838.jpg,label/838.jpg
375669,image/792.jpg,label/792.jpg
376470,image/158.jpg,label/158.jpg
377271,image/947.jpg,label/947.jpg
378072,image/197.jpg,label/197.jpg
378873,image/277.jpg,label/277.jpg
379674,image/99.jpg,label/99.jpg
380475,image/582.jpg,label/582.jpg
381276,image/797.jpg,label/797.jpg
382077,image/103.jpg,label/103.jpg
382878,image/956.jpg,label/956.jpg
383679,image/109.jpg,label/109.jpg
384480,image/444.jpg,label/444.jpg
385281,image/114.jpg,label/114.jpg
386082,image/772.jpg,label/772.jpg
386883,image/477.jpg,label/477.jpg
387684,image/433.jpg,label/433.jpg
388485,image/894.jpg,label/894.jpg
389286,image/918.jpg,label/918.jpg
390087,image/538.jpg,label/538.jpg
390888,image/583.jpg,label/583.jpg
391689,image/598.jpg,label/598.jpg
392490,image/929.jpg,label/929.jpg
393291,image/121.jpg,label/121.jpg
394092,image/253.jpg,label/253.jpg
394893,image/132.jpg,label/132.jpg
395694,image/226.jpg,label/226.jpg
396495,image/122.jpg,label/122.jpg
397296,image/553.jpg,label/553.jpg
398097,image/343.jpg,label/343.jpg
398898,image/364.jpg,label/364.jpg
399699,image/319.jpg,label/319.jpg
400500,image/406.jpg,label/406.jpg
401301,image/148.jpg,label/148.jpg
402102,image/372.jpg,label/372.jpg
402903,image/943.jpg,label/943.jpg
403704,image/386.jpg,label/386.jpg
404505,image/399.jpg,label/399.jpg
405306,image/209.jpg,label/209.jpg
406107,image/641.jpg,label/641.jpg
406908,image/488.jpg,label/488.jpg
407709,image/508.jpg,label/508.jpg
408510,image/627.jpg,label/627.jpg
409311,image/791.jpg,label/791.jpg
410112,image/381.jpg,label/381.jpg
410913,image/47.jpg,label/47.jpg
411714,image/839.jpg,label/839.jpg
412515,image/678.jpg,label/678.jpg
413316,image/252.jpg,label/252.jpg
414117,image/481.jpg,label/481.jpg
414918,image/138.jpg,label/138.jpg
415719,image/991.jpg,label/991.jpg
416520,image/239.jpg,label/239.jpg
417321,image/963.jpg,label/963.jpg
418122,image/8.jpg,label/8.jpg
418923,image/346.jpg,label/346.jpg
419724,image/384.jpg,label/384.jpg
420525,image/923.jpg,label/923.jpg
421326,image/686.jpg,label/686.jpg
422127,image/924.jpg,label/924.jpg
422928,image/748.jpg,label/748.jpg
423729,image/72.jpg,label/72.jpg
424530,image/382.jpg,label/382.jpg
425331,image/558.jpg,label/558.jpg
426132,image/758.jpg,label/758.jpg
426933,image/994.jpg,label/994.jpg
427734,image/638.jpg,label/638.jpg
428535,image/799.jpg,label/799.jpg
429336,image/592.jpg,label/592.jpg
430137,image/523.jpg,label/523.jpg
430938,image/191.jpg,label/191.jpg
431739,image/996.jpg,label/996.jpg
432540,image/759.jpg,label/759.jpg
433341,image/593.jpg,label/593.jpg
434142,image/708.jpg,label/708.jpg
434943,image/934.jpg,label/934.jpg
435744,image/927.jpg,label/927.jpg
436545,image/981.jpg,label/981.jpg
437346,image/903.jpg,label/903.jpg
438147,image/573.jpg,label/573.jpg
438948,image/696.jpg,label/696.jpg
439749,image/153.jpg,label/153.jpg
440550,image/531.jpg,label/531.jpg
441351,image/423.jpg,label/423.jpg
442152,image/33.jpg,label/33.jpg
442953,image/167.jpg,label/167.jpg
443754,image/453.jpg,label/453.jpg
444555,image/229.jpg,label/229.jpg
445356,image/503.jpg,label/503.jpg
446157,image/957.jpg,label/957.jpg
446958,image/461.jpg,label/461.jpg
447759,image/318.jpg,label/318.jpg
448560,image/358.jpg,label/358.jpg
449361,image/532.jpg,label/532.jpg
450162,image/727.jpg,label/727.jpg
450963,image/342.jpg,label/342.jpg
451764,image/954.jpg,label/954.jpg
452565,image/768.jpg,label/768.jpg
453366,image/463.jpg,label/463.jpg
454167,image/282.jpg,label/282.jpg
454968,image/677.jpg,label/677.jpg
455769,image/887.jpg,label/887.jpg
456570,image/238.jpg,label/238.jpg
457371,image/656.jpg,label/656.jpg
458172,image/183.jpg,label/183.jpg
458973,image/137.jpg,label/137.jpg
459774,image/888.jpg,label/888.jpg
460575,image/57.jpg,label/57.jpg
461376,image/497.jpg,label/497.jpg
462177,image/862.jpg,label/862.jpg
462978,image/219.jpg,label/219.jpg
463779,image/796.jpg,label/796.jpg
464580,image/224.jpg,label/224.jpg
465381,image/707.jpg,label/707.jpg
466182,image/268.jpg,label/268.jpg
466983,image/827.jpg,label/827.jpg
467784,image/124.jpg,label/124.jpg
468585,image/514.jpg,label/514.jpg
469386,image/394.jpg,label/394.jpg
470187,image/766.jpg,label/766.jpg
470988,image/973.jpg,label/973.jpg
471789,image/691.jpg,label/691.jpg
472590,image/376.jpg,label/376.jpg
473391,image/872.jpg,label/872.jpg
474192,image/642.jpg,label/642.jpg
474993,image/711.jpg,label/711.jpg
475794,image/286.jpg,label/286.jpg
476595,image/283.jpg,label/283.jpg
477396,image/201.jpg,label/201.jpg
478197,image/448.jpg,label/448.jpg
478998,image/564.jpg,label/564.jpg
479799,image/689.jpg,label/689.jpg
480600,image/742.jpg,label/742.jpg
481401,image/581.jpg,label/581.jpg
482202,image/402.jpg,label/402.jpg
483003,image/368.jpg,label/368.jpg
483804,image/246.jpg,label/246.jpg
484605,image/41.jpg,label/41.jpg
485406,image/78.jpg,label/78.jpg
486207,image/227.jpg,label/227.jpg
487008,image/936.jpg,label/936.jpg
487809,image/82.jpg,label/82.jpg
488610,image/808.jpg,label/808.jpg
489411,image/926.jpg,label/926.jpg
490212,image/92.jpg,label/92.jpg
491013,image/354.jpg,label/354.jpg
491814,image/441.jpg,label/441.jpg
492615,image/169.jpg,label/169.jpg
493416,image/494.jpg,label/494.jpg
494217,image/871.jpg,label/871.jpg
495018,image/522.jpg,label/522.jpg
495819,image/942.jpg,label/942.jpg
496620,image/617.jpg,label/617.jpg
497421,image/117.jpg,label/117.jpg
498222,image/369.jpg,label/369.jpg
499023,image/73.jpg,label/73.jpg
499824,image/913.jpg,label/913.jpg
500625,image/919.jpg,label/919.jpg
501426,image/228.jpg,label/228.jpg
502227,image/431.jpg,label/431.jpg
503028,image/188.jpg,label/188.jpg
503829,image/63.jpg,label/63.jpg
504630,image/952.jpg,label/952.jpg
505431,image/978.jpg,label/978.jpg
506232,image/767.jpg,label/767.jpg
507033,image/877.jpg,label/877.jpg
507834,image/543.jpg,label/543.jpg
508635,image/706.jpg,label/706.jpg
509436,image/867.jpg,label/867.jpg
510237,image/806.jpg,label/806.jpg
511038,image/272.jpg,label/272.jpg
511839,image/528.jpg,label/528.jpg
512640,image/472.jpg,label/472.jpg
513441,image/892.jpg,label/892.jpg
514242,image/429.jpg,label/429.jpg
515043,image/348.jpg,label/348.jpg
515844,image/646.jpg,label/646.jpg
516645,image/119.jpg,label/119.jpg
517446,image/81.jpg,label/81.jpg
518247,image/221.jpg,label/221.jpg
519048,image/46.jpg,label/46.jpg
519849,image/199.jpg,label/199.jpg
520650,image/787.jpg,label/787.jpg
521451,image/989.jpg,label/989.jpg
522252,image/361.jpg,label/361.jpg
523053,image/151.jpg,label/151.jpg
523854,image/982.jpg,label/982.jpg
524655,image/972.jpg,label/972.jpg
525456,image/857.jpg,label/857.jpg
526257,image/67.jpg,label/67.jpg
527058,image/271.jpg,label/271.jpg
527859,image/154.jpg,label/154.jpg
528660,image/786.jpg,label/786.jpg
529461,image/966.jpg,label/966.jpg
530262,image/773.jpg,label/773.jpg
531063,image/218.jpg,label/218.jpg
531864,image/211.jpg,label/211.jpg
532665,image/601.jpg,label/601.jpg
533466,image/232.jpg,label/232.jpg
534267,image/519.jpg,label/519.jpg
535068,image/94.jpg,label/94.jpg
535869,image/287.jpg,label/287.jpg
536670,image/896.jpg,label/896.jpg
537471,image/22.jpg,label/22.jpg
538272,image/479.jpg,label/479.jpg
539073,image/107.jpg,label/107.jpg
539874,image/168.jpg,label/168.jpg
540675,image/904.jpg,label/904.jpg
541476,image/473.jpg,label/473.jpg
542277,image/316.jpg,label/316.jpg
543078,image/916.jpg,label/916.jpg
543879,image/294.jpg,label/294.jpg
544680,image/267.jpg,label/267.jpg
545481,image/588.jpg,label/588.jpg
546282,image/363.jpg,label/363.jpg
547083,image/312.jpg,label/312.jpg
547884,image/879.jpg,label/879.jpg
548685,image/826.jpg,label/826.jpg
549486,image/87.jpg,label/87.jpg
550287,image/636.jpg,label/636.jpg
551088,image/204.jpg,label/204.jpg
551889,image/118.jpg,label/118.jpg
552690,image/139.jpg,label/139.jpg
553491,image/719.jpg,label/719.jpg
554292,image/726.jpg,label/726.jpg
555093,image/146.jpg,label/146.jpg
555894,image/306.jpg,label/306.jpg
556695,image/834.jpg,label/834.jpg
557496,image/443.jpg,label/443.jpg
558297,image/624.jpg,label/624.jpg
559098,image/181.jpg,label/181.jpg
559899,image/886.jpg,label/886.jpg
560700,image/781.jpg,label/781.jpg
561501,image/438.jpg,label/438.jpg
562302,image/427.jpg,label/427.jpg
563103,image/559.jpg,label/559.jpg
563904,image/849.jpg,label/849.jpg
564705,image/813.jpg,label/813.jpg
565506,image/93.jpg,label/93.jpg
566307,image/366.jpg,label/366.jpg
567108,image/832.jpg,label/832.jpg
567909,image/722.jpg,label/722.jpg
568710,image/556.jpg,label/556.jpg
569511,image/164.jpg,label/164.jpg
570312,image/482.jpg,label/482.jpg
571113,image/612.jpg,label/612.jpg
571914,image/658.jpg,label/658.jpg
572715,image/968.jpg,label/968.jpg
573516,image/814.jpg,label/814.jpg
574317,image/486.jpg,label/486.jpg
575118,image/856.jpg,label/856.jpg
575919,image/912.jpg,label/912.jpg
576720,image/18.jpg,label/18.jpg
577521,image/809.jpg,label/809.jpg
578322,image/192.jpg,label/192.jpg
579123,image/356.jpg,label/356.jpg
579924,image/697.jpg,label/697.jpg
580725,image/329.jpg,label/329.jpg
581526,image/34.jpg,label/34.jpg
582327,image/484.jpg,label/484.jpg
583128,image/412.jpg,label/412.jpg
583929,image/2.jpg,label/2.jpg
584730,image/652.jpg,label/652.jpg
585531,image/804.jpg,label/804.jpg
586332,image/744.jpg,label/744.jpg
587133,image/874.jpg,label/874.jpg
587934,image/292.jpg,label/292.jpg
588735,image/58.jpg,label/58.jpg
589536,image/647.jpg,label/647.jpg
590337,image/498.jpg,label/498.jpg
591138,image/668.jpg,label/668.jpg
591939,image/777.jpg,label/777.jpg
592740,image/939.jpg,label/939.jpg
593541,image/821.jpg,label/821.jpg
594342,image/38.jpg,label/38.jpg
595143,image/302.jpg,label/302.jpg
595944,image/769.jpg,label/769.jpg
596745,image/906.jpg,label/906.jpg
597546,image/941.jpg,label/941.jpg
598347,image/537.jpg,label/537.jpg
599148,image/471.jpg,label/471.jpg
599949,image/693.jpg,label/693.jpg
600750,image/599.jpg,label/599.jpg
601551,image/812.jpg,label/812.jpg
602352,image/776.jpg,label/776.jpg
603153,image/299.jpg,label/299.jpg
603954,image/704.jpg,label/704.jpg
604755,image/962.jpg,label/962.jpg
605556,image/464.jpg,label/464.jpg
606357,image/48.jpg,label/48.jpg
607158,image/626.jpg,label/626.jpg
607959,image/914.jpg,label/914.jpg
608760,image/898.jpg,label/898.jpg
609561,image/462.jpg,label/462.jpg
610362,image/54.jpg,label/54.jpg
611163,image/276.jpg,label/276.jpg
611964,image/134.jpg,label/134.jpg
612765,image/749.jpg,label/749.jpg
613566,image/42.jpg,label/42.jpg
614367,image/657.jpg,label/657.jpg
615168,image/243.jpg,label/243.jpg
615969,image/673.jpg,label/673.jpg
616770,image/308.jpg,label/308.jpg
617571,image/469.jpg,label/469.jpg
618372,image/269.jpg,label/269.jpg
619173,image/39.jpg,label/39.jpg
619974,image/194.jpg,label/194.jpg
620775,image/526.jpg,label/526.jpg
621576,image/161.jpg,label/161.jpg
622377,image/829.jpg,label/829.jpg
623178,image/301.jpg,label/301.jpg
623979,image/19.jpg,label/19.jpg
624780,image/761.jpg,label/761.jpg
625581,image/288.jpg,label/288.jpg
626382,image/446.jpg,label/446.jpg
627183,image/951.jpg,label/951.jpg
627984,image/909.jpg,label/909.jpg
628785,image/76.jpg,label/76.jpg
629586,image/922.jpg,label/922.jpg
630387,image/367.jpg,label/367.jpg
631188,image/279.jpg,label/279.jpg
631989,image/679.jpg,label/679.jpg
632790,image/147.jpg,label/147.jpg
633591,image/152.jpg,label/152.jpg
634392,image/547.jpg,label/547.jpg
635193,image/891.jpg,label/891.jpg
635994,image/591.jpg,label/591.jpg
636795,image/62.jpg,label/62.jpg
637596,image/557.jpg,label/557.jpg
638397,image/987.jpg,label/987.jpg
639198,image/467.jpg,label/467.jpg
639999,image/643.jpg,label/643.jpg
